"X.","Team","Team.1","M.","W","D","L","goals","Dif","Pt.","X1"
"1",1,NA,"Liverpool FC",4237,2007,1049,1181,"7092:5097",1995,7070,"Latest news »"
"2",2,NA,"Arsenal FC",4234,1932,1081,1221,"7014:5304",1710,6877,"Latest news »"
"3",3,NA,"Everton FC",4618,1873,1157,1588,"7146:6400",746,6776,"Latest news »"
"4",4,NA,"Manchester United",3881,1862,959,1060,"6695:4918",1777,6545,"Latest news »"
"5",5,NA,"Aston Villa",4172,1678,986,1508,"6741:6227",514,6020,"Latest news »"
"6",6,NA,"Manchester City",3723,1526,884,1313,"5940:5301",639,5462,"Latest news »"
"7",7,NA,"Chelsea FC",3500,1440,900,1160,"5389:4864",525,5220,"Latest news »"
"8",8,NA,"Tottenham Hotspur",3495,1457,842,1196,"5523:4871",652,5213,"Latest news »"
"9",9,NA,"Newcastle United",3566,1366,870,1330,"5318:5175",143,4968,"Latest news »"
"10",10,NA,"Sunderland AFC",3340,1260,780,1300,"5143:5121",22,4560,"Latest news »"
"11",11,NA,"West Bromwich Albion",3146,1105,776,1265,"4644:4996",-352,4091,"Latest news »"
"12",12,NA,"Blackburn Rovers",2720,1017,651,1052,"4306:4348",-42,3702,"Latest news »"
"13",13,NA,"Bolton Wanderers",2802,1017,641,1144,"4156:4467",-311,3692,"Latest news »"
"14",14,NA,"Wolverhampton Wanderers",2563,998,582,983,"4188:4113",75,3576,"Latest news »"
"15",15,NA,"Sheffield Wednesday",2582,980,612,990,"3976:4020",-44,3552,"Latest news »"
"16",16,NA,"Derby County",2468,906,585,977,"3764:3910",-146,3303,"Latest news »"
"17",17,NA,"West Ham United",2576,881,639,1056,"3648:4027",-379,3282,"Latest news »"
"18",18,NA,"Sheffield United",2432,892,574,966,"3590:3864",-274,3250,"Latest news »"
"19",19,NA,"Leeds United",2125,869,536,720,"3170:2899",271,3143,"Latest news »"
"20",20,NA,"Burnley FC",2274,863,521,890,"3451:3595",-144,3110,"Latest news »"
"21",21,NA,"Middlesbrough FC",2438,818,614,1006,"3426:3766",-340,3065,"Latest news »"
"22",22,NA,"Nottingham Forest",2178,800,549,829,"3069:3171",-102,2949,"Latest news »"
"23",23,NA,"Stoke City",2372,778,583,1011,"3055:3659",-604,2917,"Latest news »"
"24",24,NA,"Birmingham City",2306,724,583,999,"3049:3656",-607,2755,"Latest news »"
"25",25,NA,"Leicester City",2191,723,566,902,"3240:3643",-403,2735,"Latest news »"
"26",26,NA,"Preston North End",1720,671,390,659,"2701:2569",132,2403,"Latest news »"
"27",27,NA,"Southampton FC",1785,587,493,705,"2339:2598",-259,2254,"Latest news »"
"28",28,NA,"Huddersfield Town",1336,492,334,510,"1924:1988",-64,1810,"Latest news »"
"29",29,NA,"Portsmouth FC",1356,484,322,550,"2021:2208",-187,1765,"Latest news »"
"30",30,NA,"Coventry City",1390,430,396,564,"1604:1954",-350,1686,"Latest news »"
"31",31,NA,"Blackpool FC",1172,415,282,475,"1788:1941",-153,1527,"Latest news »"
"32",32,NA,"Ipswich Town",1084,402,265,417,"1442:1500",-58,1471,"Latest news »"
"33",33,NA,"Charlton Athletic",1050,355,253,442,"1424:1651",-227,1318,"Latest news »"
"34",34,NA,"Notts County",1068,341,253,474,"1403:1712",-309,1276,"Latest news »"
"35",35,NA,"Norwich City",1081,312,315,454,"1214:1640",-426,1251,"Latest news »"
"36",36,NA,"Fulham FC",1074,310,276,488,"1355:1759",-404,1206,"Latest news »"
"37",37,NA,"Queens Park Rangers",936,299,249,388,"1143:1310",-167,1146,"Latest news »"
"38",38,NA,"Bury FC",804,279,180,345,"1176:1340",-164,1017,"Latest news »"
"39",39,NA,"Crystal Palace",862,241,233,388,"922:1267",-345,956,"Latest news »"
"40",40,NA,"Cardiff City",706,241,167,298,"931:1136",-205,890,"Latest news »"
"41",41,NA,"Luton Town",658,213,168,277,"863:1011",-148,807,"Latest news »"
"42",42,NA,"Wimbledon FC",554,186,171,197,"702:754",-52,729,"Latest news »"
"43",43,NA,"Watford FC",542,165,123,254,"687:860",-173,618,"Latest news »"
"44",44,NA,"Oldham Athletic",484,159,129,196,"604:713",-109,606,"Latest news »"
"45",45,NA,"Grimsby Town",488,167,97,224,"756:940",-184,598,"Latest news »"
"46",46,NA,"Bradford City",468,152,126,190,"584:671",-87,582,"Latest news »"
"47",47,NA,"Bristol City",358,114,94,150,"428:510",-82,436,"Latest news »"
"48",48,NA,"Swansea City",350,113,83,154,"415:503",-88,422,"Latest news »"
"49",49,NA,"Brighton & Hove Albion",347,90,110,147,"356:490",-134,380,"Latest news »"
"50",50,NA,"Wigan Athletic",304,85,76,143,"316:482",-166,331,"Latest news »"
"51",51,NA,"Brentford FC",238,83,52,103,"360:404",-44,301,"Latest news »"
"52",52,NA,"AFC Bournemouth",190,56,43,91,"241:330",-89,211,"Latest news »"
"53",53,NA,"Hull City",190,41,48,101,"181:323",-142,171,"Latest news »"
"54",54,NA,"Bradford Park Avenue",122,40,27,55,"172:204",-32,147,"Latest news »"
"55",55,NA,"Accrington FC",122,35,33,54,"226:313",-87,138,"Latest news »"
"56",56,NA,"Reading FC",114,32,23,59,"136:186",-50,119,"Latest news »"
"57",57,NA,"Oxford United",124,27,38,59,"150:229",-79,119,"Latest news »"
"58",58,NA,"Millwall FC",76,19,22,35,"86:117",-31,79,"Latest news »"
"59",59,NA,"Northampton Town",42,10,13,19,"55:92",-37,43,"Latest news »"
"60",60,NA,"Carlisle United",42,12,5,25,"43:59",-16,41,"Latest news »"
"61",61,NA,"Darwen",56,11,8,37,"75:195",-120,41,"Latest news »"
"62",62,NA,"Barnsley FC",38,10,5,23,"37:82",-45,35,"Latest news »"
"63",63,NA,"Swindon Town",42,5,15,22,"47:100",-53,30,"Latest news »"
"64",64,NA,"Leyton Orient",42,6,9,27,"37:81",-44,27,"Latest news »"
"65",65,NA,"Glossop North End",34,4,10,20,"31:74",-43,22,"Latest news »"
"X.","Team","Team.1","M.","W","D","L","goals","Dif","Pt.","X1"
"1",1,NA,"Bayern München",1933,1163,417,353,"4308:2104",2204,3906,"Latest news »"
"2",2,NA,"Borussia Dortmund",1856,841,466,549,"3355:2610",745,2989,"Latest news »"
"3",3,NA,"Werder Bremen",1934,800,486,648,"3210:2835",375,2886,"Latest news »"
"4",4,NA,"Hamburger SV",1866,746,495,625,"2937:2662",275,2733,"Latest news »"
"5",5,NA,"VfB Stuttgart",1857,757,450,650,"3056:2730",326,2721,"Latest news »"
"6",6,NA,"Bor. Mönchengladbach",1831,741,478,612,"3110:2668",442,2701,"Latest news »"
"7",7,NA,"FC Schalke 04",1798,693,453,652,"2607:2607",0,2532,"Latest news »"
"8",8,NA,"Eintracht Frankfurt",1789,659,455,675,"2812:2770",42,2430,"Latest news »"
"9",9,NA,"1. FC Köln",1686,656,431,599,"2738:2531",207,2399,"Latest news »"
"10",10,NA,"Bayer Leverkusen",1457,629,395,433,"2469:1951",518,2282,"Latest news »"
"11",11,NA,"1. FC Kaiserslautern",1492,575,372,545,"2348:2344",4,2094,"Latest news »"
"12",12,NA,"Hertha BSC",1309,467,331,511,"1834:2020",-186,1732,"Latest news »"
"13",13,NA,"VfL Bochum",1185,365,311,509,"1629:1922",-293,1406,"Latest news »"
"14",14,NA,"1. FC Nürnberg",1118,344,286,488,"1428:1794",-366,1318,"Latest news »"
"15",15,NA,"VfL Wolfsburg",841,322,215,304,"1263:1221",42,1181,"Latest news »"
"16",16,NA,"Hannover 96",1016,308,250,458,"1385:1734",-349,1174,"Latest news »"
"17",17,NA,"MSV Duisburg",948,296,259,393,"1291:1520",-229,1147,"Latest news »"
"18",18,NA,"Fortuna Düsseldorf",854,264,232,358,"1245:1518",-273,1024,"Latest news »"
"19",19,NA,"Karlsruher SC",812,241,230,341,"1093:1408",-315,953,"Latest news »"
"20",20,NA,"Eintracht Braunschweig",706,242,177,287,"937:1086",-149,903,"Latest news »"
"21",21,NA,"SC Freiburg",739,232,193,314,"942:1167",-225,889,"Latest news »"
"22",22,NA,"TSV 1860 München",672,238,170,264,"1022:1059",-37,884,"Latest news »"
"23",23,NA,"1. FSV Mainz 05",534,179,133,222,"696:792",-96,670,"Latest news »"
"24",24,NA,"Arminia Bielefeld",637,173,164,300,"693:968",-275,658,"Latest news »"
"25",25,NA,"1899 Hoffenheim",466,169,133,164,"752:714",38,640,"Latest news »"
"26",26,NA,"KFC Uerdingen 05",476,138,129,209,"644:844",-200,543,"Latest news »"
"27",27,NA,"Hansa Rostock",412,124,107,181,"492:621",-129,479,"Latest news »"
"28",28,NA,"FC Augsburg",365,107,98,160,"438:568",-130,419,"Latest news »"
"29",29,NA,"RB Leipzig",195,103,49,43,"378:219",159,358,"Latest news »"
"30",30,NA,"Waldhof Mannheim",238,71,72,95,"299:378",-79,285,"Latest news »"
"31",31,NA,"Kickers Offenbach",238,77,51,110,"368:486",-118,282,"Latest news »"
"32",32,NA,"Rot-Weiss Essen",238,61,79,98,"346:483",-137,262,"Latest news »"
"33",33,NA,"FC St. Pauli",272,58,80,134,"296:485",-189,254,"Latest news »"
"34",34,NA,"Energie Cottbus",204,56,43,105,"211:338",-127,211,"Latest news »"
"35",35,NA,"Alemannia Aachen",136,43,28,65,"186:270",-84,157,"Latest news »"
"36",36,NA,"SG Wattenscheid 09",140,34,48,58,"186:248",-62,150,"Latest news »"
"37",37,NA,"1. FC Saarbrücken",166,32,48,86,"202:336",-134,144,"Latest news »"
"38",38,NA,"Dynamo Dresden",140,33,45,62,"132:211",-79,140,"Latest news »"
"39",39,NA,"Rot-Weiß Oberhausen",136,36,31,69,"182:281",-99,139,"Latest news »"
"40",40,NA,"1. FC Union Berlin",93,34,26,33,"123:134",-11,128,"Latest news »"
"41",41,NA,"SV Darmstadt 98",136,28,33,75,"152:273",-121,117,"Latest news »"
"42",42,NA,"Wuppertaler SV",102,25,27,50,"136:200",-64,102,"Latest news »"
"43",43,NA,"Borussia Neunkirchen",98,25,18,55,"109:223",-114,93,"Latest news »"
"44",44,NA,"FC 08 Homburg",102,21,27,54,"103:200",-97,90,"Latest news »"
"45",45,NA,"SpVgg Unterhaching",68,20,19,29,"75:101",-26,79,"Latest news »"
"46",46,NA,"Stuttgarter Kickers",72,20,17,35,"94:132",-38,77,"Latest news »"
"47",47,NA,"FC Ingolstadt 04",68,18,18,32,"69:99",-30,72,"Latest news »"
"48",48,NA,"SC Paderborn 07",68,11,18,39,"68:139",-71,51,"Latest news »"
"49",49,NA,"TeBe Berlin",68,11,16,41,"85:174",-89,49,"Latest news »"
"50",50,NA,"SSV Ulm 1846",34,9,8,17,"36:62",-26,35,"Latest news »"
"51",51,NA,"SpVgg Greuther Fürth",59,7,14,38,"49:124",-75,35,"Latest news »"
"52",52,NA,"Fortuna Köln",34,8,9,17,"46:79",-33,33,"Latest news »"
"53",53,NA,"Preußen Münster",30,7,9,14,"34:52",-18,30,"Latest news »"
"54",54,NA,"Blau-Weiß 90 Berlin",34,3,12,19,"36:76",-40,21,"Latest news »"
"55",55,NA,"1. FC Lok Leipzig",34,3,11,20,"32:69",-37,20,"Latest news »"
"56",56,NA,"SV Tasmania Berlin",34,2,4,28,"15:108",-93,10,"Latest news »"
"X.","Team","Team.1","M.","W","D","L","goals","Dif","Pt.","X1"
"1",1,NA,"Olympique Marseille",2566,1141,660,765,"4119:3288",831,4082,"Latest news »"
"2",2,NA,"Girondins Bordeaux",2532,1073,690,769,"3743:3093",650,3909,"Latest news »"
"3",3,NA,"AS Saint-Étienne",2520,1060,662,798,"3844:3242",602,3839,"Latest news »"
"4",4,NA,"AS Monaco",2320,1032,638,650,"3500:2614",886,3734,"Latest news »"
"5",5,NA,"Olympique Lyon",2351,1006,596,749,"3518:3046",472,3613,"Latest news »"
"6",6,NA,"Lille OSC",2278,875,622,781,"3185:2848",337,3247,"Latest news »"
"7",7,NA,"FC Sochaux",2368,859,632,877,"3386:3297",89,3209,"Latest news »"
"8",8,NA,"OGC Nice",2292,850,585,857,"3178:3223",-45,3134,"Latest news »"
"9",9,NA,"FC Nantes",1994,846,556,591,"2764:2156",608,3092,"Latest news »"
"10",10,NA,"Paris Saint-Germain",1819,871,474,474,"2898:1940",958,3087,"Latest news »"
"11",11,NA,"Stade Rennes",2324,811,604,909,"3136:3396",-260,3037,"Latest news »"
"12",12,NA,"RC Lens",2185,796,591,798,"3069:3103",-34,2979,"Latest news »"
"13",13,NA,"RC Strasbourg",2183,744,592,847,"3026:3205",-179,2824,"Latest news »"
"14",14,NA,"FC Metz",2248,739,604,905,"2869:3336",-467,2820,"Latest news »"
"15",15,NA,"Toulouse FC",1872,633,514,724,"2321:2514",-193,2413,"Latest news »"
"16",16,NA,"Stade Reims",1332,562,329,441,"2217:1842",375,2015,"Latest news »"
"17",17,NA,"Nîmes Olympique",1384,513,335,536,"2045:2065",-20,1874,"Latest news »"
"18",18,NA,"Montpellier HSC",1426,481,384,561,"1842:2048",-206,1827,"Latest news »"
"19",19,NA,"AJ Auxerre",1196,483,346,367,"1526:1251",275,1795,"Latest news »"
"20",20,NA,"SC Bastia",1264,433,301,530,"1542:1813",-271,1599,"Latest news »"
"21",21,NA,"Racing Club de France",1020,425,227,368,"1920:1698",222,1502,"Latest news »"
"22",22,NA,"Valenciennes FC",1214,375,338,501,"1460:1773",-313,1462,"Latest news »"
"23",23,NA,"AS Nancy",1132,375,303,454,"1433:1545",-112,1428,"Latest news »"
"24",24,NA,"Angers SCO",1098,359,306,433,"1500:1653",-153,1383,"Latest news »"
"25",25,NA,"CS Sedan",834,291,229,314,"1243:1255",-12,1102,"Latest news »"
"26",26,NA,"Le Havre AC",872,257,240,375,"1003:1284",-281,1011,"Latest news »"
"27",27,NA,"AS Cannes",749,246,194,309,"988:1141",-153,932,"Latest news »"
"28",28,NA,"FC Rouen",678,233,161,284,"859:980",-121,860,"Latest news »"
"29",29,NA,"SM Caen",684,200,184,300,"710:951",-241,784,"Latest news »"
"30",30,NA,"FC Sète",504,198,111,195,"826:877",-51,705,"Latest news »"
"31",31,NA,"Stade Brest",587,168,173,246,"652:835",-183,677,"Latest news »"
"32",32,NA,"FC Nancy",530,181,124,225,"794:925",-131,667,"Latest news »"
"33",33,NA,"ESTAC Troyes",652,165,167,320,"717:1079",-362,662,"Latest news »"
"34",34,NA,"FC Lorient",551,162,165,224,"635:774",-139,651,"Latest news »"
"35",35,NA,"Stade Français",538,168,144,226,"760:896",-136,648,"Latest news »"
"36",36,NA,"Stade Laval",494,157,145,192,"564:658",-94,616,"Latest news »"
"37",37,NA,"EA Guingamp",482,150,122,210,"509:653",-144,572,"Latest news »"
"38",38,NA,"RC Roubaix",434,156,103,175,"670:769",-99,571,"Latest news »"
"39",39,NA,"Red Star FC",540,142,142,256,"717:996",-279,568,"Latest news »"
"40",40,NA,"SC Toulon",452,134,128,190,"454:589",-135,529,"Latest news »"
"41",41,NA,"AC Ajaccio",486,131,131,224,"513:738",-225,522,"Latest news »"
"42",42,NA,"Olympique Lillois Lille",195,98,35,62,"365:258",107,329,"Latest news »"
"43",43,NA,"Excelsior Roubaix",194,75,47,72,"404:388",16,272,"Latest news »"
"44",44,NA,"SC Fives Lille",194,77,37,80,"348:323",25,268,"Latest news »"
"45",45,NA,"Le Mans FC",228,65,69,94,"238:301",-63,264,"Latest news »"
"46",46,NA,"FC Antibes",194,65,43,86,"296:387",-91,238,"Latest news »"
"47",47,NA,"Dijon FCO",218,50,56,112,"222:364",-142,206,"Latest news »"
"48",48,NA,"FC Mulhouse",184,51,35,98,"291:440",-149,188,"Latest news »"
"49",49,NA,"Thonon Évian FC",152,45,36,71,"180:221",-41,171,"Latest news »"
"50",50,NA,"Tours FC",152,44,38,70,"217:264",-47,170,"Latest news »"
"51",51,NA,"Olympique Alès",184,42,44,98,"251:415",-164,170,"Latest news »"
"52",52,NA,"Grenoble Foot 38",152,30,51,71,"138:214",-76,141,"Latest news »"
"53",53,NA,"Limoges FC",114,37,28,49,"149:172",-23,139,"Latest news »"
"54",54,NA,"Angoulême CFC",110,30,33,47,"122:175",-53,123,"Latest news »"
"55",55,NA,"Paris FC",114,31,29,54,"150:214",-64,122,"Latest news »"
"56",56,NA,"FC Martigues",114,27,36,51,"105:165",-60,117,"Latest news »"
"57",57,NA,"Amiens SC",104,25,31,48,"99:144",-45,106,"Latest news »"
"58",58,NA,"Chamois Niortais",38,11,10,17,"34:42",-8,43,"Latest news »"
"59",59,NA,"SR Colmar",34,12,7,15,"61:78",-17,43,"Latest news »"
"60",60,NA,"CA Paris (old)",44,13,4,27,"93:127",-34,43,"Latest news »"
"61",61,NA,"FC Gueugnon",38,8,14,16,"27:46",-19,38,"Latest news »"
"62",62,NA,"GFC Ajaccio",38,8,13,17,"37:58",-21,37,"Latest news »"
"63",63,NA,"AS Béziers",34,9,6,19,"38:77",-39,33,"Latest news »"
"64",64,NA,"FC Istres",38,6,14,18,"25:51",-26,32,"Latest news »"
"65",65,NA,"LB Châteauroux",34,8,7,19,"31:59",-28,31,"Latest news »"
"66",66,NA,"US Boulogne",38,7,10,21,"31:62",-31,31,"Latest news »"
"67",67,NA,"Clermont Foot",26,7,7,12,"27:42",-15,28,"Latest news »"
"68",68,NA,"Avenir Club Avignonnais",38,7,6,25,"30:80",-50,27,"Latest news »"
"69",69,NA,"AS Aixoise",38,6,8,24,"48:95",-47,26,"Latest news »"
"70",70,NA,"AC Arles-Avignon",38,3,11,24,"21:70",-49,20,"Latest news »"
"71",71,NA,"Club Francais Paris",18,5,3,10,"43:50",-7,18,"Latest news »"
"72",72,NA,"Hyères FC",18,4,4,10,"22:29",-7,16,"Latest news »"
"X.","Team","Team.1","M.","W","D","L","goals","Dif","Pt.","X1"
"1",1,NA,"Real Madrid",2940,1759,591,590,"6293:3303",2990,5868,"Latest news »"
"2",2,NA,"FC Barcelona",2939,1696,601,642,"6306:3283",3023,5689,"Latest news »"
"3",3,NA,"Atlético Madrid",2792,1343,648,801,"4812:3446",1366,4677,"Latest news »"
"4",4,NA,"Athletic Bilbao",2940,1265,695,980,"4829:3899",930,4490,"Latest news »"
"5",5,NA,"Valencia CF",2843,1257,672,914,"4651:3691",960,4443,"Latest news »"
"6",6,NA,"Sevilla FC",2587,1082,574,931,"3937:3563",374,3820,"Latest news »"
"7",7,NA,"Espanyol Barcelona",2767,987,650,1130,"3753:4074",-321,3611,"Latest news »"
"8",8,NA,"Real Sociedad",2480,936,622,922,"3481:3446",35,3430,"Latest news »"
"9",9,NA,"Real Zaragoza",1986,698,522,766,"2683:2847",-164,2616,"Latest news »"
"10",10,NA,"Real Betis",1906,679,479,748,"2412:2746",-334,2516,"Latest news »"
"11",11,NA,"Celta Vigo",1876,638,445,793,"2511:2881",-370,2359,"Latest news »"
"12",12,NA,"Deportivo La Coruña",1568,569,403,596,"2090:2269",-179,2110,"Latest news »"
"13",13,NA,"Real Valladolid",1580,487,426,667,"1863:2333",-470,1887,"Latest news »"
"14",14,NA,"Sporting Gijón",1458,471,358,629,"1753:2152",-399,1771,"Latest news »"
"15",15,NA,"CA Osasuna",1419,458,358,603,"1606:1966",-360,1732,"Latest news »"
"16",16,NA,"Racing Santander",1426,453,335,638,"1842:2365",-523,1693,"Latest news »"
"17",17,NA,"Málaga CF",1294,395,335,564,"1445:1828",-383,1517,"Latest news »"
"18",18,NA,"Real Oviedo",1192,408,292,492,"1642:1951",-309,1516,"Latest news »"
"19",19,NA,"UD Las Palmas",1134,372,249,513,"1371:1820",-449,1365,"Latest news »"
"20",20,NA,"RCD Mallorca",1052,348,270,434,"1245:1477",-232,1314,"Latest news »"
"21",21,NA,"Villarreal CF",825,338,221,266,"1168:1010",158,1235,"Latest news »"
"22",22,NA,"Granada CF",845,252,200,393,"946:1311",-365,956,"Latest news »"
"23",23,NA,"Elche CF",742,218,200,324,"812:1114",-302,854,"Latest news »"
"24",24,NA,"Getafe CF",635,206,168,261,"707:813",-106,786,"Latest news »"
"25",25,NA,"Rayo Vallecano",705,206,160,339,"829:1188",-359,778,"Latest news »"
"26",26,NA,"Hércules CF",628,184,149,295,"716:1050",-334,701,"Latest news »"
"27",27,NA,"CD Alavés",559,177,121,261,"628:888",-260,652,"Latest news »"
"28",28,NA,"Levante UD",580,161,149,270,"654:917",-263,632,"Latest news »"
"29",29,NA,"CD Tenerife",494,155,128,211,"619:744",-125,593,"Latest news »"
"30",30,NA,"Real Murcia",586,145,143,298,"607:992",-385,578,"Latest news »"
"31",31,NA,"Cádiz CF",510,118,148,244,"448:757",-309,502,"Latest news »"
"32",32,NA,"CE Sabadell",426,129,95,202,"492:720",-228,482,"Latest news »"
"33",33,NA,"UD Salamanca",424,124,102,198,"425:581",-156,474,"Latest news »"
"34",34,NA,"CD Castellón",334,103,79,152,"419:588",-169,388,"Latest news »"
"35",35,NA,"CD Logroñés",346,96,92,158,"291:489",-198,380,"Latest news »"
"36",36,NA,"Burgos CF",318,85,94,139,"317:449",-132,349,"Latest news »"
"37",37,NA,"Córdoba CF",282,82,63,137,"285:430",-145,309,"Latest news »"
"38",38,NA,"Albacete",270,76,76,118,"320:410",-90,304,"Latest news »"
"39",39,NA,"SD Eibar",266,77,71,118,"297:375",-78,302,"Latest news »"
"40",40,NA,"UD Almería",228,62,56,110,"244:366",-122,242,"Latest news »"
"41",41,NA,"Pontevedra CF",180,53,44,83,"165:221",-56,203,"Latest news »"
"42",42,NA,"SD Compostela",160,52,45,63,"199:241",-42,201,"Latest news »"
"43",43,NA,"Recreativo Huelva",186,50,46,90,"202:296",-94,196,"Latest news »"
"44",44,NA,"CD Leganés",152,39,42,71,"137:200",-63,159,"Latest news »"
"45",45,NA,"Arenas de Getxo",130,43,21,66,"227:308",-81,150,"Latest news »"
"46",46,NA,"CD Numancia",152,37,37,78,"155:253",-98,148,"Latest news »"
"47",47,NA,"Gimnàstic",116,34,16,66,"181:295",-114,118,"Latest news »"
"48",48,NA,"CD Alcoyano",108,30,16,62,"145:252",-107,106,"Latest news »"
"49",49,NA,"Real Jaén",90,29,13,48,"121:183",-62,100,"Latest news »"
"50",50,NA,"Girona FC",76,23,19,34,"87:112",-25,88,"Latest news »"
"51",51,NA,"CF Extremadura",80,20,23,37,"62:117",-55,83,"Latest news »"
"52",52,NA,"Mérida AD",80,19,24,37,"70:115",-45,81,"Latest news »"
"53",53,NA,"Real Unión",72,21,14,37,"153:184",-31,77,"Latest news »"
"54",54,NA,"AD Almería",68,17,18,33,"72:116",-44,69,"Latest news »"
"55",55,NA,"SD Huesca",76,14,25,37,"77:118",-41,67,"Latest news »"
"56",56,NA,"CE Europa",54,18,6,30,"97:131",-34,60,"Latest news »"
"57",57,NA,"Lleida Esportiu",68,13,14,41,"70:182",-112,53,"Latest news »"
"58",58,NA,"Xerez CD",38,8,10,20,"38:66",-28,34,"Latest news »"
"59",59,NA,"CD Condal",30,7,8,15,"37:57",-20,29,"Latest news »"
"60",60,NA,"Atlético Tetuán",30,7,5,18,"51:85",-34,26,"Latest news »"
"61",61,NA,"CD Leonesa",30,5,4,21,"34:65",-31,19,"Latest news »"
"X.","Team","Team.1","M.","W","D","L","goals","Dif","Pt.","X1"
"1",1,NA,"Juventus",3031,1668,822,541,"5315:2860",2455,5826,"Latest news »"
"2",2,NA,"Inter",3070,1537,848,685,"5199:3164",2035,5459,"Latest news »"
"3",3,NA,"AC Milan",3007,1456,880,671,"4930:3095",1835,5210,"Latest news »"
"4",4,NA,"AS Roma",3024,1276,899,849,"4447:3433",1014,4727,"Latest news »"
"5",5,NA,"ACF Fiorentina",2846,1122,867,857,"3959:3295",664,4188,"Latest news »"
"6",6,NA,"SSC Napoli",2569,1038,789,742,"3502:2921",581,3903,"Latest news »"
"7",7,NA,"Lazio Roma",2709,1036,787,886,"3780:3378",402,3862,"Latest news »"
"8",8,NA,"Torino FC",2638,971,851,816,"3532:3117",415,3763,"Latest news »"
"9",9,NA,"Bologna FC",2554,907,792,855,"3333:3145",188,3505,"Latest news »"
"10",10,NA,"Sampdoria",2230,747,691,792,"2804:2846",-42,2928,"Latest news »"
"11",11,NA,"Atalanta",2127,656,682,789,"2458:2745",-287,2642,"Latest news »"
"12",12,NA,"Genoa CFC",1911,589,579,743,"2364:2708",-344,2346,"Latest news »"
"13",13,NA,"Udinese Calcio",1706,549,499,658,"2139:2412",-273,2137,"Latest news »"
"14",14,NA,"Cagliari Calcio",1433,417,468,548,"1579:1840",-261,1719,"Latest news »"
"15",15,NA,"Parma Calcio 1913",973,355,281,337,"1259:1254",5,1339,"Latest news »"
"16",16,NA,"Palermo FC",1050,313,289,448,"1169:1558",-389,1228,"Latest news »"
"17",17,NA,"Vicenza Virtus",1012,304,304,404,"1042:1299",-257,1216,"Latest news »"
"18",18,NA,"Hellas Verona",1007,268,331,408,"1070:1373",-303,1135,"Latest news »"
"19",19,NA,"SSC Bari",1046,272,292,482,"1018:1574",-556,1108,"Latest news »"
"20",20,NA,"US Triestina",900,261,275,364,"1027:1312",-285,1058,"Latest news »"
"21",21,NA,"Brescia Calcio",800,206,231,363,"828:1156",-328,849,"Latest news »"
"22",22,NA,"Chievo Verona",634,186,185,263,"659:837",-178,740,"Latest news »"
"23",23,NA,"AS Livorno",660,185,180,295,"760:1078",-318,735,"Latest news »"
"24",24,NA,"SPAL 2013 Ferrara",658,175,196,287,"666:913",-247,721,"Latest news »"
"25",25,NA,"Calcio Padova",560,182,130,248,"710:900",-190,676,"Latest news »"
"26",26,NA,"Calcio Catania",602,162,181,259,"617:862",-245,667,"Latest news »"
"27",27,NA,"Modena FC",470,138,135,197,"516:668",-152,549,"Latest news »"
"28",28,NA,"US Lecce",564,123,161,280,"580:946",-366,530,"Latest news »"
"29",29,NA,"Ascoli Calcio",508,110,190,208,"425:629",-204,520,"Latest news »"
"30",30,NA,"US Alessandria 1912",440,136,110,194,"564:715",-151,518,"Latest news »"
"31",31,NA,"AC Perugia Calcio",418,126,140,152,"476:554",-78,513,"Latest news »"
"32",32,NA,"Empoli FC",489,126,135,228,"495:725",-230,508,"Latest news »"
"33",33,NA,"Novara Calcio",446,133,107,206,"545:705",-160,506,"Latest news »"
"34",34,NA,"Calcio Como",426,109,134,183,"411:572",-161,461,"Latest news »"
"35",35,NA,"Aurora Pro Patria",430,118,102,210,"526:784",-258,456,"Latest news »"
"36",36,NA,"Venezia FC",452,103,123,226,"456:715",-259,432,"Latest news »"
"37",37,NA,"Sassuolo Calcio",331,110,95,126,"459:515",-56,425,"Latest news »"
"38",38,NA,"Foggia Calcio",358,95,120,143,"360:477",-117,399,"Latest news »"
"39",39,NA,"AC Cesena",426,80,159,187,"364:570",-206,399,"Latest news »"
"40",40,NA,"ACN Siena 1904",358,85,116,157,"369:508",-139,364,"Latest news »"
"41",41,NA,"Reggina 1914",326,83,107,136,"324:467",-143,345,"Latest news »"
"42",42,NA,"US Avellino",300,79,111,110,"268:338",-70,343,"Latest news »"
"43",43,NA,"Lucchese",282,80,84,118,"347:470",-123,324,"Latest news »"
"44",44,NA,"Piacenza Calcio",272,65,88,119,"281:373",-92,283,"Latest news »"
"45",45,NA,"Pro Vercelli",200,65,41,94,"251:323",-72,236,"Latest news »"
"46",46,NA,"Mantova 1911 SSD",230,48,88,94,"182:266",-84,232,"Latest news »"
"47",47,NA,"AC Pisa",218,42,77,99,"174:275",-101,203,"Latest news »"
"48",48,NA,"US Catanzaro",210,38,88,84,"156:253",-97,202,"Latest news »"
"49",49,NA,"US Cremonese",234,43,72,119,"222:367",-145,201,"Latest news »"
"50",50,NA,"Pescara Calcio",254,42,66,146,"232:441",-209,192,"Latest news »"
"51",51,NA,"AS Varese 1910",218,36,83,99,"164:286",-122,191,"Latest news »"
"52",52,NA,"AC Liguria",150,44,39,67,"168:242",-74,171,"Latest news »"
"53",53,NA,"ACR Messina",182,39,54,89,"165:270",-105,171,"Latest news »"
"54",54,NA,"Casale",136,33,24,79,"148:297",-149,123,"Latest news »"
"55",55,NA,"US Salernitana 1919",120,31,26,63,"123:207",-84,119,"Latest news »"
"56",56,NA,"Sampierdarenese",116,28,33,55,"111:190",-79,117,"Latest news »"
"57",57,NA,"Calcio Lecco 1912",104,20,32,52,"91:164",-73,92,"Latest news »"
"58",58,NA,"FC Crotone",114,24,20,70,"119:216",-97,92,"Latest news »"
"59",59,NA,"AC Reggiana 1919",102,16,30,56,"81:160",-79,78,"Latest news »"
"60",60,NA,"Legnano",106,16,29,61,"111:213",-102,77,"Latest news »"
"61",61,NA,"Spezia Calcio",65,16,17,32,"80:121",-41,65,"Latest news »"
"62",62,NA,"Frosinone Calcio",76,13,17,46,"64:145",-81,56,"Latest news »"
"63",63,NA,"Benevento Calcio",76,13,15,48,"73:159",-86,54,"Latest news »"
"64",64,NA,"AC Ancona",88,11,17,60,"72:184",-112,50,"Latest news »"
"65",65,NA,"Ternana Calcio",60,7,21,32,"33:79",-46,42,"Latest news »"
"66",66,NA,"Carpi FC",38,9,11,18,"37:57",-20,38,"Latest news »"
"67",67,NA,"Andrea Doria",26,7,8,11,"25:34",-9,29,"Latest news »"
"68",68,NA,"US Pistoiese",30,6,4,20,"19:46",-27,22,"Latest news »"
"69",69,NA,"A.C.D. Treviso",38,3,12,23,"24:56",-32,21,"Latest news »"
"X.","Team","Team.1","M.","W","D","L","goals","Dif","Pt.","X1"
"1",1,NA,"FC København",986,543,239,204,"1993:1164",829,1868,"Latest news »"
"2",2,NA,"Brøndby IF",1035,517,257,261,"2020:1313",707,1808,"Latest news »"
"3",3,NA,"Aalborg BK",1031,416,288,327,"1710:1489",221,1536,"Latest news »"
"4",4,NA,"Odense BK",986,382,264,340,"1616:1457",159,1410,"Latest news »"
"5",5,NA,"FC Midtjylland",725,365,165,195,"1473:997",476,1260,"Latest news »"
"6",6,NA,"Aarhus GF",934,313,248,373,"1466:1571",-105,1187,"Latest news »"
"7",7,NA,"Silkeborg IF",791,254,230,307,"1171:1317",-146,992,"Latest news »"
"8",8,NA,"FC Nordsjælland",657,241,160,256,"1171:1154",17,883,"Latest news »"
"9",9,NA,"Esbjerg fB",595,196,158,241,"903:1010",-107,746,"Latest news »"
"10",10,NA,"Lyngby BK",610,193,156,261,"926:1169",-243,735,"Latest news »"
"11",11,NA,"Randers FC",522,174,150,198,"787:867",-80,672,"Latest news »"
"12",12,NA,"Viborg FF",532,162,137,233,"756:914",-158,623,"Latest news »"
"13",13,NA,"SønderjyskE",519,150,136,233,"782:1004",-222,586,"Latest news »"
"14",14,NA,"AC Horsens",397,110,119,168,"562:806",-244,449,"Latest news »"
"15",15,NA,"Vejle BK",383,104,103,176,"525:730",-205,415,"Latest news »"
"16",16,NA,"AB Gladsaxe",264,91,75,98,"384:382",2,339,"Latest news »"
"17",17,NA,"Herfølge BK",264,79,65,120,"331:451",-120,302,"Latest news »"
"18",18,NA,"Hobro IK",166,39,49,78,"260:380",-120,166,"Latest news »"
"19",19,NA,"Næstved BK",147,31,41,75,"191:317",-126,134,"Latest news »"
"20",20,NA,"Ikast FS",134,27,36,71,"157:257",-100,117,"Latest news »"
"21",21,NA,"BK Frem København",101,28,30,43,"133:167",-34,114,"Latest news »"
"22",22,NA,"B 1903 København",50,22,11,17,"74:55",19,77,"Latest news »"
"23",23,NA,"Slagelse B&I",66,17,20,29,"62:94",-32,71,"Latest news »"
"24",24,NA,"Aarhus Fremad",66,16,14,36,"102:146",-44,62,"Latest news »"
"25",25,NA,"HB Køge",66,8,14,44,"62:140",-78,38,"Latest news »"
"26",26,NA,"Vendsyssel FF",32,6,11,15,"56:90",-34,29,"Latest news »"
"27",27,NA,"Køge BK",33,8,3,22,"45:82",-37,27,"Latest news »"
"28",28,NA,"FC Helsingør",32,8,3,21,"50:113",-63,27,"Latest news »"
"29",29,NA,"Hvidovre IF",33,5,11,17,"39:59",-20,26,"Latest news »"
"30",30,NA,"FC Amager",18,4,0,14,"21:47",-26,12,"Latest news »"
"31",31,NA,"B.93 København",33,3,3,27,"22:80",-58,12,"Latest news »"
"32",32,NA,"B 1909 Odense",18,0,6,12,"15:42",-27,6,"Latest news »"
"X.","Team","Team.1","M.","W","D","L","goals","Dif","Pt.","X1"
"1",1,NA,"Malmö FF",2148,1073,542,532,"3854:2507",1347,3761,"Latest news »"
"2",2,NA,"IFK Göteborg",2205,1041,532,632,"4038:2922",1116,3655,"Latest news »"
"3",3,NA,"AIK Solna",2277,989,595,693,"3760:3010",750,3562,"Latest news »"
"4",4,NA,"IFK Norrköping",1996,872,491,631,"3505:2835",670,3107,"Latest news »"
"5",5,NA,"IF Elfsborg",1912,780,476,656,"3198:2915",283,2816,"Latest news »"
"6",6,NA,"Helsingborgs IF",1653,722,359,572,"3033:2565",468,2525,"Latest news »"
"7",7,NA,"Djurgårdens IF",1657,690,407,560,"2631:2293",338,2477,"Latest news »"
"8",8,NA,"Örgryte IS",1316,490,322,504,"2169:2068",101,1792,"Latest news »"
"9",9,NA,"Halmstads BK",1385,472,365,548,"1913:2107",-194,1781,"Latest news »"
"10",10,NA,"Örebro SK",1352,472,347,533,"1825:2030",-205,1763,"Latest news »"
"11",11,NA,"Hammarby IF",1334,474,319,540,"1993:2150",-157,1738,"Latest news »"
"12",12,NA,"GAIS Göteborg",1255,464,295,496,"1971:2032",-61,1687,"Latest news »"
"13",13,NA,"Kalmar FF",912,322,241,349,"1144:1267",-123,1207,"Latest news »"
"14",14,NA,"Östers IF",816,304,236,276,"1201:1048",153,1148,"Latest news »"
"15",15,NA,"Landskrona BoIS",800,261,194,345,"1207:1501",-294,977,"Latest news »"
"16",16,NA,"Degerfors IF",688,243,161,284,"1056:1153",-97,890,"Latest news »"
"17",17,NA,"BK Häcken",594,213,161,220,"882:835",47,800,"Latest news »"
"18",18,NA,"Åtvidabergs FF",512,177,118,217,"713:766",-53,649,"Latest news »"
"19",19,NA,"Sandvikens IF",471,164,82,225,"775:948",-173,574,"Latest news »"
"20",20,NA,"Trelleborgs FF",486,138,121,227,"575:795",-220,535,"Latest news »"
"21",21,NA,"IK Brage",414,127,112,175,"499:666",-167,493,"Latest news »"
"22",22,NA,"GIF Sundsvall",498,111,146,241,"551:836",-285,479,"Latest news »"
"23",23,NA,"IK Sleipner",352,137,61,154,"702:738",-36,472,"Latest news »"
"24",24,NA,"Gefle IF",434,116,119,199,"488:710",-222,467,"Latest news »"
"25",25,NA,"IFK Malmö",297,90,63,144,"428:619",-191,333,"Latest news »"
"26",26,NA,"IFK Eskilstuna",317,86,59,172,"560:850",-290,317,"Latest news »"
"27",27,NA,"Mjällby AIF",280,81,73,126,"316:404",-88,316,"Latest news »"
"28",28,NA,"Jönköpings Södra IF",280,81,71,128,"392:568",-176,314,"Latest news »"
"29",29,NA,"Västra Frölunda",240,64,65,111,"266:395",-129,257,"Latest news »"
"30",30,NA,"IK Sirius",224,61,55,108,"263:401",-138,238,"Latest news »"
"31",31,NA,"IS Halmia",244,61,48,135,"351:539",-188,231,"Latest news »"
"32",32,NA,"Östersunds FK",180,56,45,79,"221:274",-53,213,"Latest news »"
"33",33,NA,"Gårda BK",176,53,52,71,"233:324",-91,211,"Latest news »"
"34",34,NA,"IF Brommapojkarna",176,38,38,100,"159:324",-165,152,"Latest news »"
"35",35,NA,"IFK Sundsvall",130,36,37,57,"161:236",-75,145,"Latest news »"
"36",36,NA,"Falkenbergs FF",150,29,30,91,"158:305",-147,117,"Latest news »"
"37",37,NA,"Västerås SK",96,23,17,56,"101:217",-116,86,"Latest news »"
"38",38,NA,"Syrianska FC",90,20,16,54,"88:153",-65,76,"Latest news »"
"39",39,NA,"Varbergs BoIS",60,19,17,24,"80:82",-2,74,"Latest news »"
"40",40,NA,"Råå IF",44,16,8,20,"66:85",-19,56,"Latest news »"
"41",41,NA,"Ljungskile SK",56,11,11,34,"54:109",-55,44,"Latest news »"
"42",42,NA,"AFC Eskilstuna",60,8,16,36,"51:110",-59,40,"Latest news »"
"43",43,NA,"Westermalms IF",44,10,7,27,"69:120",-51,37,"Latest news »"
"44",44,NA,"Umeå FC",26,8,6,12,"35:45",-10,30,"Latest news »"
"45",45,NA,"IFK Uddevalla",44,6,12,26,"58:114",-56,30,"Latest news »"
"46",46,NA,"Hallstahammars SK",44,6,12,26,"56:114",-58,30,"Latest news »"
"47",47,NA,"Stattena IF",44,8,4,32,"58:155",-97,28,"Latest news »"
"48",48,NA,"Motala AIF",33,6,7,20,"35:68",-33,25,"Latest news »"
"49",49,NA,"Dalkurd FF",30,6,6,18,"30:57",-27,24,"Latest news »"
"50",50,NA,"Redbergslids IK",22,5,5,12,"35:60",-25,20,"Latest news »"
"51",51,NA,"Ludvika FK",22,6,2,14,"30:56",-26,20,"Latest news »"
"52",52,NA,"IK Oddevold",26,5,4,17,"20:43",-23,19,"Latest news »"
"53",53,NA,"IFK Luleå",22,4,6,12,"20:44",-24,18,"Latest news »"
"54",54,NA,"IF Saab",26,4,6,16,"26:53",-27,18,"Latest news »"
"55",55,NA,"Reymersholms IK",22,4,4,14,"27:57",-30,16,"Latest news »"
"56",56,NA,"Norrby IF",22,3,6,13,"30:52",-22,15,"Latest news »"
"57",57,NA,"BK Derby",26,3,6,17,"18:53",-35,15,"Latest news »"
"58",58,NA,"Assyriska FF",26,4,2,20,"17:52",-35,14,"Latest news »"
"59",59,NA,"Brynäs IF",26,2,8,16,"27:63",-36,14,"Latest news »"
"60",60,NA,"Enköpings SK FK",26,3,5,18,"22:59",-37,14,"Latest news »"
"61",61,NA,"Högadals IS",22,3,3,16,"24:56",-32,12,"Latest news »"
"62",62,NA,"Västerås IK",22,2,5,15,"21:66",-45,11,"Latest news »"
"63",63,NA,"IFK Holmsund",22,3,1,18,"24:79",-55,10,"Latest news »"
"64",64,NA,"Sandvikens AIK",22,2,1,19,"24:72",-48,7,"Latest news »"
"65",65,NA,"Eskilstuna City FK",22,1,4,17,"32:83",-51,7,"Latest news »"
"66",66,NA,"Billingsfors IK",22,0,3,19,"28:84",-56,3,"Latest news »"
"X.","Team","Team.1","M.","W","D","L","goals","Dif","Pt.","X1"
"1",1,NA,"Fenerbahçe",2111,1198,554,359,"3727:1857",1870,4148,"Latest news »"
"2",2,NA,"Galatasaray",2112,1188,535,389,"3709:1867",1842,4099,"Latest news »"
"3",3,NA,"Besiktas",2109,1144,572,393,"3464:1815",1649,4004,"Latest news »"
"4",4,NA,"Trabzonspor",1601,802,439,360,"2493:1554",939,2845,"Latest news »"
"5",5,NA,"Bursaspor",1644,572,473,599,"1965:1998",-33,2189,"Latest news »"
"6",6,NA,"MKE Ankaragücü",1700,534,492,674,"1946:2270",-324,2094,"Latest news »"
"7",7,NA,"Gençlerbirligi",1610,532,475,603,"2026:2141",-115,2071,"Latest news »"
"8",8,NA,"Altay Izmir",1353,420,417,516,"1444:1651",-207,1677,"Latest news »"
"9",9,NA,"Gaziantepspor",1028,366,265,397,"1248:1383",-135,1363,"Latest news »"
"10",10,NA,"Eskisehirspor",978,334,312,332,"1110:1101",9,1314,"Latest news »"
"11",11,NA,"Samsunspor",986,319,254,413,"1092:1305",-213,1211,"Latest news »"
"12",12,NA,"Göztepe",940,293,290,357,"1025:1143",-118,1169,"Latest news »"
"13",13,NA,"Antalyaspor",885,279,237,369,"1044:1283",-239,1074,"Latest news »"
"14",14,NA,"Istanbulspor AS",756,237,229,290,"855:945",-90,940,"Latest news »"
"15",15,NA,"Konyaspor",704,222,201,281,"839:998",-159,867,"Latest news »"
"16",16,NA,"Kocaelispor",674,225,184,265,"858:934",-76,859,"Latest news »"
"17",17,NA,"Kayserispor",703,215,204,284,"799:955",-156,849,"Latest news »"
"18",18,NA,"Denizlispor",728,217,192,319,"875:1057",-182,843,"Latest news »"
"19",19,NA,"Çaykur Rizespor",716,220,172,324,"803:1051",-248,832,"Latest news »"
"20",20,NA,"Adanaspor",704,202,213,289,"771:949",-178,819,"Latest news »"
"21",21,NA,"Boluspor",638,192,215,231,"637:709",-72,791,"Latest news »"
"22",22,NA,"Sivasspor",549,204,154,191,"754:748",6,766,"Latest news »"
"23",23,NA,"Istanbul Basaksehir",481,214,122,145,"693:560",133,764,"Latest news »"
"24",24,NA,"Kasimpasa SK",632,186,174,272,"763:952",-189,732,"Latest news »"
"25",25,NA,"Adana Demirspor",578,158,166,254,"556:801",-245,640,"Latest news »"
"26",26,NA,"Karsiyaka SK",528,152,141,235,"533:750",-217,597,"Latest news »"
"27",27,NA,"Sariyer SK",436,148,135,153,"553:551",2,579,"Latest news »"
"28",28,NA,"Zonguldak Kömürspor",454,135,148,171,"425:484",-59,553,"Latest news »"
"29",29,NA,"Mersin Idmanyurdu",472,136,134,202,"446:556",-110,540,"Latest news »"
"30",30,NA,"Malatyaspor",384,134,102,148,"507:544",-37,504,"Latest news »"
"31",31,NA,"Ankara Demirspor",418,116,153,149,"447:509",-62,501,"Latest news »"
"32",32,NA,"Vefa Istanbul",422,110,143,169,"364:514",-150,473,"Latest news »"
"33",33,NA,"Sakaryaspor",380,113,89,177,"449:586",-137,428,"Latest news »"
"34",34,NA,"Türk Telekom",374,93,134,147,"340:445",-105,413,"Latest news »"
"35",35,NA,"Orduspor",352,102,102,148,"303:420",-117,408,"Latest news »"
"36",36,NA,"Izmirspor",326,93,110,123,"313:386",-73,389,"Latest news »"
"37",37,NA,"Diyarbakirspor",362,91,84,187,"323:554",-231,357,"Latest news »"
"38",38,NA,"Karabükspor",336,96,68,172,"361:570",-209,356,"Latest news »"
"39",39,NA,"Feriköy",292,88,86,118,"257:312",-55,350,"Latest news »"
"40",40,NA,"Ankaraspor",306,84,87,135,"348:460",-112,339,"Latest news »"
"41",41,NA,"Altinordu FK",322,80,98,144,"298:435",-137,338,"Latest news »"
"42",42,NA,"Ankara Sekerspor",320,73,100,147,"309:481",-172,319,"Latest news »"
"43",43,NA,"Erciyesspor",298,78,82,138,"344:487",-143,316,"Latest news »"
"44",44,NA,"Beykozspor",264,72,94,98,"263:315",-52,310,"Latest news »"
"45",45,NA,"Fatih Karagümrük SK",249,80,69,100,"304:328",-24,309,"Latest news »"
"46",46,NA,"Akhisar Belediyespor",238,74,65,99,"286:340",-54,287,"Latest news »"
"47",47,NA,"Alanyaspor",203,80,44,79,"314:290",24,284,"Latest news »"
"48",48,NA,"Keçiörengücü",252,67,76,109,"243:334",-91,277,"Latest news »"
"49",49,NA,"Giresunspor",208,56,62,90,"185:241",-56,230,"Latest news »"
"50",50,NA,"Manisaspor",204,58,49,96,"242:303",-61,223,"Latest news »"
"51",51,NA,"Yeni Malatyaspor",170,47,46,77,"201:243",-42,187,"Latest news »"
"52",52,NA,"Vanspor AS",170,38,39,93,"165:298",-133,153,"Latest news »"
"53",53,NA,"Zeytinburnuspor",162,36,37,89,"159:290",-131,145,"Latest news »"
"54",54,NA,"Gaziantep FK",101,36,32,33,"142:138",4,140,"Latest news »"
"55",55,NA,"Elazigspor",136,35,31,70,"146:246",-100,136,"Latest news »"
"56",56,NA,"Dardanelspor",102,28,25,49,"107:154",-47,109,"Latest news »"
"57",57,NA,"Bakirköyspor",90,28,21,41,"131:135",-4,105,"Latest news »"
"58",58,NA,"Aydinspor",90,26,27,37,"105:140",-35,105,"Latest news »"
"59",59,NA,"Hatayspor",67,30,13,24,"104:96",8,103,"Latest news »"
"60",60,NA,"Erzurumspor (old)",102,25,23,54,"116:205",-89,98,"Latest news »"
"61",61,NA,"Yozgatspor",68,19,19,30,"101:113",-12,76,"Latest news »"
"62",62,NA,"BB Erzurumspor",74,18,21,35,"80:111",-31,75,"Latest news »"
"63",63,NA,"Hacettepe",68,15,17,36,"54:99",-45,62,"Latest news »"
"64",64,NA,"Balikesirspor",64,15,16,33,"66:108",-42,61,"Latest news »"
"65",65,NA,"Akcaabat Sebatspor",68,14,19,35,"85:131",-46,61,"Latest news »"
"66",66,NA,"Beyogluspor",54,13,17,24,"49:72",-23,56,"Latest news »"
"67",67,NA,"Yesildirek SK",58,13,16,29,"51:94",-43,55,"Latest news »"
"68",68,NA,"Adalet Istanbul",52,10,15,27,"38:69",-31,45,"Latest news »"
"69",69,NA,"Petrol Ofisi Ankara",34,8,5,21,"38:73",-35,29,"Latest news »"
"70",70,NA,"Bucaspor",34,6,8,20,"37:65",-28,26,"Latest news »"
"71",71,NA,"Siirtspor",34,6,6,22,"47:81",-34,24,"Latest news »"
"72",72,NA,"MKE Kirikkalespor",30,5,8,17,"21:64",-43,23,"Latest news »"
"73",73,NA,"Kahramanmarasspor",36,4,11,21,"22:71",-49,23,"Latest news »"
"X.","Team","Team.1","M.","W","D","L","goals","Dif","Pt.","X1"
"1",1,NA,"Dinamo Kiev",906,661,154,91,"2119:667",1452,2137,"Latest news »"
"2",2,NA,"Shakhtar Donetsk",906,633,156,117,"2139:718",1421,2055,"Latest news »"
"3",3,NA,"Dnipro Dnipropetrovsk",764,378,200,186,"1150:745",405,1322,"Latest news »"
"4",4,NA,"Chernomorets Odessa",733,268,184,281,"858:968",-110,982,"Latest news »"
"5",5,NA,"Karpaty Lviv",794,254,229,311,"949:1145",-196,975,"Latest news »"
"6",6,NA,"Vorskla Poltava",751,256,206,289,"906:1005",-99,974,"Latest news »"
"7",7,NA,"Metalist Kharkov",573,252,146,175,"755:664",91,902,"Latest news »"
"8",8,NA,"Tavriya Simferopol (alt)",681,236,170,274,"795:873",-78,878,"Latest news »"
"9",9,NA,"FK Stal Kamjanske",616,226,167,223,"762:786",-24,845,"Latest news »"
"10",10,NA,"Metalurg Zaporizhya",702,206,183,313,"698:948",-250,791,"Latest news »"
"11",11,NA,"Zorya Lugansk",611,214,135,262,"841:939",-98,777,"Latest news »"
"12",12,NA,"FK Krivbas (old)",634,201,173,260,"633:786",-153,776,"Latest news »"
"13",13,NA,"FK Mariupol",638,197,153,288,"789:1026",-237,744,"Latest news »"
"14",14,NA,"Arsenal Kiev",568,191,156,221,"666:717",-51,729,"Latest news »"
"15",15,NA,"Volyn Lutsk",471,139,102,230,"483:750",-267,498,"Latest news »"
"16",16,NA,"FC Oleksandriya",285,89,82,114,"432:468",-36,349,"Latest news »"
"17",17,NA,"Niva Ternopil",296,93,62,141,"319:388",-69,341,"Latest news »"
"18",18,NA,"Zirka Kropyvnytskyi",248,62,58,128,"242:432",-190,241,"Latest news »"
"19",19,NA,"Torpedo Zaporizhya",210,64,42,104,"214:315",-101,234,"Latest news »"
"20",20,NA,"Spartak Ivano-Frankivsk",206,55,52,99,"215:315",-100,217,"Latest news »"
"21",21,NA,"Olimpik Donetsk",204,53,56,95,"303:450",-147,215,"Latest news »"
"22",22,NA,"FK Kremin",180,54,40,86,"182:269",-87,202,"Latest news »"
"23",23,NA,"Hoverla Uzhgorod",256,40,65,150,"186:418",-232,177,"Latest news »"
"24",24,NA,"Obolon-Brovar Kyiv",180,44,44,92,"152:253",-101,176,"Latest news »"
"25",25,NA,"NK Veres",148,40,44,64,"158:208",-50,164,"Latest news »"
"26",26,NA,"Desna Chernigov",108,46,22,40,"213:172",41,160,"Latest news »"
"27",27,NA,"FK Nyva Vinnytsia",150,42,32,76,"140:213",-73,158,"Latest news »"
"28",28,NA,"FK Lviv",138,31,37,70,"148:272",-124,130,"Latest news »"
"29",29,NA,"SK Dnipro-1",75,34,11,30,"140:135",5,113,"Latest news »"
"30",30,NA,"FK Kharkov",120,25,33,62,"94:156",-62,108,"Latest news »"
"31",31,NA,"Kolos Kovalivka",78,29,16,33,"113:148",-35,103,"Latest news »"
"32",32,NA,"MFK Mikolaiv",116,26,23,67,"100:208",-108,101,"Latest news »"
"33",33,NA,"Temp Shepetivka",86,24,16,46,"79:113",-34,88,"Latest news »"
"34",34,NA,"FK Bukovina",82,23,18,41,"69:99",-30,87,"Latest news »"
"35",35,NA,"Stal Alchevsk",86,17,21,48,"67:126",-59,72,"Latest news »"
"36",36,NA,"PFK Sevastopol",58,17,11,30,"58:91",-33,62,"Latest news »"
"37",37,NA,"Borysfen Boryspil",60,14,20,26,"40:60",-20,61,"Latest news »"
"38",38,NA,"Rukh Lviv",43,10,16,17,"43:60",-17,46,"Latest news »"
"39",39,NA,"Naftovik-Ukrnafta",48,11,11,26,"30:66",-36,44,"Latest news »"
"40",40,NA,"Inhulets Petrove",43,8,15,20,"37:67",-30,39,"Latest news »"
"41",41,NA,"FC Mynai",44,5,13,26,"28:77",-49,28,"Latest news »"
"42",42,NA,"Metalist 1925 Kharkov",18,6,1,11,"17:29",-12,19,"Latest news »"
"43",43,NA,"SK Odessa",18,3,1,14,"15:32",-17,10,"Latest news »"
"X.","Team","Team.1","M.","W","D","L","goals","Dif","Pt.","X1"
"1",1,NA,"Celtic FC",4266,2676,834,756,"10840:4682",6158,8858,"Latest news »"
"2",2,NA,"Rangers FC",4115,2646,794,675,"10233:4421",5812,8722,"Latest news »"
"3",3,NA,"Heart of Midlothian",4045,1783,939,1323,"7689:6233",1456,6273,"Latest news »"
"4",4,NA,"Aberdeen FC",3902,1672,954,1276,"7043:5841",1202,5970,"Latest news »"
"5",5,NA,"Hibernian FC",3910,1494,926,1490,"6809:6562",247,5408,"Latest news »"
"6",6,NA,"Motherwell FC",3814,1417,848,1549,"6584:6951",-367,5099,"Latest news »"
"7",7,NA,"Dundee FC",3331,1253,752,1326,"5466:5738",-272,4511,"Latest news »"
"8",8,NA,"Kilmarnock FC",3290,1172,770,1348,"5498:6278",-780,4286,"Latest news »"
"9",9,NA,"St. Mirren FC",3377,1097,748,1532,"5017:6361",-1344,4039,"Latest news »"
"10",10,NA,"Partick Thistle",2948,1047,664,1237,"4658:5240",-582,3805,"Latest news »"
"11",11,NA,"Dundee United",2242,839,582,821,"3904:4005",-101,3099,"Latest news »"
"12",12,NA,"Falkirk FC",2444,815,564,1065,"3840:4460",-620,3009,"Latest news »"
"13",13,NA,"Airdrieonians FC (old)",2120,755,450,915,"3350:3897",-547,2715,"Latest news »"
"14",14,NA,"Clyde FC",2086,699,435,952,"3186:3974",-788,2532,"Latest news »"
"15",15,NA,"Third Lanark",1810,665,359,786,"3097:3391",-294,2350,"Latest news »"
"16",16,NA,"St. Johnstone FC",1871,613,466,792,"2925:3532",-607,2305,"Latest news »"
"17",17,NA,"Greenock Morton FC",1855,604,404,847,"2642:3281",-639,2216,"Latest news »"
"18",18,NA,"Hamilton Academical",1776,549,348,879,"2743:3829",-1086,1995,"Latest news »"
"19",19,NA,"Queen’s Park FC",1462,425,285,752,"2158:3055",-897,1560,"Latest news »"
"20",20,NA,"Dunfermline Athletic",1374,413,319,642,"2154:2900",-746,1558,"Latest news »"
"21",21,NA,"Ayr United",1288,420,285,583,"1868:2463",-595,1545,"Latest news »"
"22",22,NA,"Raith Rovers",1316,394,274,648,"1853:2482",-629,1456,"Latest news »"
"23",23,NA,"Queen Of The South",672,216,133,323,"1030:1455",-425,781,"Latest news »"
"24",24,NA,"Dumbarton FC",597,184,127,286,"859:1133",-274,679,"Latest news »"
"25",25,NA,"Inverness CT",456,153,123,180,"1067:1176",-109,582,"Latest news »"
"26",26,NA,"East Fife FC",452,162,89,201,"735:877",-142,575,"Latest news »"
"27",27,NA,"Cowdenbeath FC",414,149,69,196,"702:853",-151,516,"Latest news »"
"28",28,NA,"Ross County FC",326,94,82,150,"655:909",-254,364,"Latest news »"
"29",29,NA,"Livingston FC",325,91,81,153,"605:814",-209,354,"Latest news »"
"30",30,NA,"Albion Rovers",346,89,67,190,"472:740",-268,334,"Latest news »"
"31",31,NA,"Airdrieonians FC",306,82,63,161,"386:577",-191,309,"Latest news »"
"32",32,NA,"Arbroath FC",322,79,72,171,"419:693",-274,309,"Latest news »"
"33",33,NA,"Stirling Albion FC",358,69,62,227,"408:895",-487,269,"Latest news »"
"34",34,NA,"Port Glasgow Athletic",240,50,49,141,"260:524",-264,199,"Latest news »"
"35",35,NA,"St. Bernard’s FC",126,45,12,69,"252:323",-71,147,"Latest news »"
"36",36,NA,"Leith Athletic",152,41,20,91,"251:403",-152,143,"Latest news »"
"37",37,NA,"Abercorn FC",76,17,9,50,"136:246",-110,60,"Latest news »"
"38",38,NA,"Clydebank FC",80,12,20,48,"64:170",-106,56,"Latest news »"
"39",39,NA,"Renton FC",58,14,12,32,"91:144",-53,54,"Latest news »"
"40",40,NA,"East Stirlingshire FC",72,12,5,55,"92:206",-114,41,"Latest news »"
"41",41,NA,"Cambuslang FC",40,10,10,20,"68:95",-27,40,"Latest news »"
"42",42,NA,"Bo’ness United",38,9,8,21,"48:86",-38,35,"Latest news »"
"43",43,NA,"Alloa Athletic",38,6,11,21,"27:52",-25,29,"Latest news »"
"44",44,NA,"Vale of Leven FC",40,5,6,29,"51:164",-113,21,"Latest news »"
"45",45,NA,"Gretna FC",38,5,8,25,"61:159",-98,13,"Latest news »"
"46",46,NA,"Cowlairs FC",18,3,4,11,"24:50",-26,9,"Latest news »"
"X.","Team","Team.1","M.","W","D","L","goals","Dif","Pt.","X1"
"1",1,NA,"Kashima Antlers",1005,546,162,297,"1721:1185",536,1800,"Latest news »"
"2",2,NA,"Yokohama F. Marinos",1000,483,188,328,"1585:1208",377,1637,"Latest news »"
"3",3,NA,"Urawa Red Diamonds",969,437,177,354,"1486:1292",194,1488,"Latest news »"
"4",4,NA,"Gamba Osaka",961,434,162,365,"1615:1423",192,1464,"Latest news »"
"5",5,NA,"Nagoya Grampus",957,431,162,364,"1447:1335",112,1455,"Latest news »"
"6",6,NA,"Shimizu S-Pulse",960,407,172,381,"1376:1410",-34,1393,"Latest news »"
"7",7,NA,"Sanfrecce Hiroshima",932,388,174,370,"1343:1244",99,1338,"Latest news »"
"8",8,NA,"Júbilo Iwata",825,385,142,298,"1359:1128",231,1297,"Latest news »"
"9",9,NA,"Kashiwa Reysol",810,348,145,317,"1223:1174",49,1189,"Latest news »"
"10",10,NA,"Kawasaki Frontale",617,323,128,166,"1135:777",358,1097,"Latest news »"
"11",11,NA,"FC Tokyo",699,293,150,256,"961:892",69,1029,"Latest news »"
"12",12,NA,"Cerezo Osaka",712,287,134,291,"1074:1083",-9,995,"Latest news »"
"13",13,NA,"Vissel Kobe",764,254,159,351,"1023:1215",-192,921,"Latest news »"
"14",14,NA,"JEF United Chiba",578,221,84,273,"874:980",-106,747,"Latest news »"
"15",15,NA,"Tokyo Verdy",482,223,60,199,"772:716",56,729,"Latest news »"
"16",16,NA,"Albirex Niigata",472,156,115,201,"557:679",-122,583,"Latest news »"
"17",17,NA,"Vegalta Sendai",472,144,122,206,"561:686",-125,554,"Latest news »"
"18",18,NA,"Shonan Bellmare",500,151,81,268,"633:874",-241,534,"Latest news »"
"19",19,NA,"Omiya Ardija",408,129,104,175,"455:579",-124,491,"Latest news »"
"20",20,NA,"Sagan Tosu",346,124,94,128,"399:436",-37,466,"Latest news »"
"21",21,NA,"Oita Trinita",370,108,88,174,"387:512",-125,412,"Latest news »"
"22",22,NA,"Hokkaido Consadole Sapporo",338,99,62,177,"429:600",-171,359,"Latest news »"
"23",23,NA,"Kyoto Sanga FC",355,104,45,206,"401:645",-244,357,"Latest news »"
"24",24,NA,"Yokohama Flügels",228,110,11,107,"375:373",2,341,"Latest news »"
"25",25,NA,"Avispa Fukuoka",328,83,48,197,"356:605",-249,297,"Latest news »"
"26",26,NA,"Ventforet Kofu",272,69,73,130,"255:404",-149,280,"Latest news »"
"27",27,NA,"Montedio Yamagata",136,30,36,70,"108:199",-91,126,"Latest news »"
"28",28,NA,"Yokohama FC",106,19,19,68,"89:203",-114,76,"Latest news »"
"29",29,NA,"Matsumoto Yamaga",68,13,20,35,"51:94",-43,59,"Latest news »"
"30",30,NA,"Tokushima Vortis",72,13,11,48,"50:129",-79,50,"Latest news »"
"31",31,NA,"V-Varen Nagasaki",34,8,6,20,"39:59",-20,30,"Latest news »"
"X.","Team","Team.1","M.","W","D","L","goals","Dif","Pt.","X1"
"1",1,NA,"Shandong Taishan",754,354,201,199,"1246:886",360,1263,"Latest news »"
"2",2,NA,"Beijing Guoan",754,343,222,189,"1161:794",367,1248,"Latest news »"
"3",3,NA,"Shanghai Shenhua",754,315,227,212,"1115:928",187,1166,"Latest news »"
"4",4,NA,"Guangzhou FC",490,267,112,111,"971:530",441,913,"Latest news »"
"5",5,NA,"Tianjin Jinmen Tiger",706,233,217,256,"876:962",-86,910,"Latest news »"
"6",6,NA,"Dalian Shide",502,240,144,118,"784:527",257,858,"Latest news »"
"7",7,NA,"Guangzhou City",658,193,192,273,"824:1006",-182,771,"Latest news »"
"8",8,NA,"Changchun Yatai",574,198,160,216,"729:767",-38,754,"Latest news »"
"9",9,NA,"Liáoníng Hóngyùn",552,180,151,221,"706:808",-102,691,"Latest news »"
"10",10,NA,"Beijing Renhe FC",460,149,141,170,"549:593",-44,588,"Latest news »"
"11",11,NA,"Shenzhen FC",478,144,148,186,"551:631",-80,577,"Latest news »"
"12",12,NA,"Chongqing Liangjiang Athletic",510,140,156,214,"590:753",-163,576,"Latest news »"
"13",13,NA,"Qingdao Manatee",488,139,148,201,"508:632",-124,565,"Latest news »"
"14",14,NA,"Jiangsu FC",372,133,117,122,"501:461",40,516,"Latest news »"
"15",15,NA,"Shanghai Port FC",252,136,67,49,"518:278",240,475,"Latest news »"
"16",16,NA,"Henan Songshan Longmen",400,118,121,161,"426:529",-103,475,"Latest news »"
"17",17,NA,"Sichuan Guancheng",296,101,94,101,"386:387",-1,397,"Latest news »"
"18",18,NA,"Zhejiang Professional",298,87,92,119,"325:392",-67,353,"Latest news »"
"19",19,NA,"Dalian Pro",192,59,49,84,"263:338",-75,226,"Latest news »"
"20",20,NA,"August 1st (Army Team)",196,49,69,78,"190:268",-78,216,"Latest news »"
"21",21,NA,"Hebei FC",162,58,40,64,"231:264",-33,214,"Latest news »"
"22",22,NA,"Shanghai Shenxin",180,46,43,91,"176:265",-89,181,"Latest news »"
"23",23,NA,"Wuhan Guanggu",164,41,39,84,"135:271",-136,162,"Latest news »"
"24",24,NA,"Yunnan Hongta",108,37,29,42,"118:129",-11,140,"Latest news »"
"25",25,NA,"Tianjin Tianhai",90,28,31,31,"127:134",-7,115,"Latest news »"
"26",26,NA,"Cangzhou Mighty Lions",102,26,37,39,"123:168",-45,115,"Latest news »"
"27",27,NA,"Qingdao Hailifeng",88,29,25,34,"99:106",-7,112,"Latest news »"
"28",28,NA,"Wuhan FC",102,25,30,47,"121:170",-49,105,"Latest news »"
"29",29,NA,"Chengdu Blades",90,23,29,38,"89:123",-34,98,"Latest news »"
"30",30,NA,"Xiamen Lanshi",82,19,24,39,"72:118",-46,81,"Latest news »"
"31",31,NA,"Guangzhou Songri",70,16,26,28,"46:79",-33,74,"Latest news »"
"32",32,NA,"Guizhou FC",60,19,9,32,"73:111",-38,66,"Latest news »"
"33",33,NA,"Shanghai United",54,14,19,21,"50:60",-10,61,"Latest news »"
"34",34,NA,"Yanbian FC",60,15,14,31,"71:105",-34,59,"Latest news »"
"35",35,NA,"Shaanxi Guoli",82,13,20,49,"83:156",-73,59,"Latest news »"
"36",36,NA,"Qingdao FC",42,6,7,29,"39:122",-83,25,"Latest news »"
"37",37,NA,"Shàoxing Keqiáo Yuèjia",30,5,6,19,"35:56",-21,21,"Latest news »"
"X.","Team","Team.1","M.","W","D","L","goals","Dif","Pt.","X1"
"1",1,NA,"FC Goa",149,62,41,46,"263:201",62,227,"Latest news »"
"2",2,NA,"Mumbai City FC",143,60,34,49,"198:194",4,214,"Latest news »"
"3",3,NA,"Chennaiyin FC",147,49,42,56,"200:214",-14,189,"Latest news »"
"4",4,NA,"Kerala Blasters",141,40,50,51,"171:198",-27,170,"Latest news »"
"5",5,NA,"Bengaluru FC",102,48,24,30,"156:115",41,168,"Latest news »"
"6",6,NA,"Odisha FC",140,41,41,58,"198:238",-40,164,"Latest news »"
"7",7,NA,"NorthEast United FC",140,38,44,58,"153:200",-47,158,"Latest news »"
"8",8,NA,"ATK",107,40,35,32,"138:122",16,155,"Latest news »"
"9",9,NA,"Jamshedpur FC",93,36,30,27,"129:117",12,138,"Latest news »"
"10",10,NA,"FC Pune City",80,27,19,34,"97:110",-13,100,"Latest news »"
"11",11,NA,"ATK Mohun Bagan FC",42,23,12,7,"69:44",25,81,"Latest news »"
"12",12,NA,"Hyderabad FC",58,19,20,19,"91:81",10,77,"Latest news »"
"13",13,NA,"SC East Bengal",40,4,16,20,"40:69",-29,28,"Latest news »"
"X.","Team","Team.1","M.","W","D","L","goals","Dif","Pt.","X1"
"1",1,NA,"AFC Ajax",2209,1477,390,342,"5627:2220",3407,4821,"Latest news »"
"2",2,NA,"PSV Eindhoven",2210,1351,470,389,"5099:2327",2772,4523,"Latest news »"
"3",3,NA,"Feyenoord",2209,1254,511,444,"4710:2533",2177,4273,"Latest news »"
"4",4,NA,"FC Twente",2142,922,575,645,"3491:2863",628,3332,"Latest news »"
"5",5,NA,"FC Utrecht",2210,822,562,826,"3320:3460",-140,3028,"Latest news »"
"6",6,NA,"Sparta Rotterdam",1869,644,520,705,"2784:2931",-147,2452,"Latest news »"
"7",7,NA,"FC Groningen",1836,618,512,706,"2552:2788",-236,2366,"Latest news »"
"8",8,NA,"Roda JC Kerkrade",1700,636,438,626,"2567:2558",9,2346,"Latest news »"
"9",9,NA,"AZ Alkmaar",1511,658,371,482,"2550:2064",486,2345,"Latest news »"
"10",10,NA,"NAC Breda",1688,529,440,719,"2239:2812",-573,2026,"Latest news »"
"11",11,NA,"ADO Den Haag",1574,509,404,661,"2226:2616",-390,1931,"Latest news »"
"12",12,NA,"Vitesse",1240,487,345,408,"1886:1716",170,1806,"Latest news »"
"13",13,NA,"Willem II",1539,470,347,722,"2125:2753",-628,1757,"Latest news »"
"14",14,NA,"NEC Nijmegen",1384,387,389,608,"1594:2168",-574,1550,"Latest news »"
"15",15,NA,"sc Heerenveen",1003,397,259,347,"1652:1555",97,1450,"Latest news »"
"16",16,NA,"MVV",1208,350,356,502,"1527:1992",-465,1406,"Latest news »"
"17",17,NA,"Go Ahead Eagles",1067,332,274,461,"1426:1743",-317,1270,"Latest news »"
"18",18,NA,"RKC Waalwijk",866,256,217,393,"1100:1423",-323,985,"Latest news »"
"19",19,NA,"FC Volendam",842,228,215,399,"994:1513",-519,899,"Latest news »"
"20",20,NA,"VVV-Venlo",808,221,206,381,"1035:1509",-474,869,"Latest news »"
"21",21,NA,"Fortuna Sittard",763,211,217,335,"910:1247",-337,850,"Latest news »"
"22",22,NA,"Heracles Almelo",714,222,162,330,"968:1292",-324,828,"Latest news »"
"23",23,NA,"PEC Zwolle",730,200,196,334,"924:1271",-347,796,"Latest news »"
"24",24,NA,"HFC Haarlem",612,172,178,262,"695:978",-283,694,"Latest news »"
"25",25,NA,"SBV Excelsior",748,168,186,394,"830:1399",-569,690,"Latest news »"
"26",26,NA,"De Graafschap",714,157,175,382,"773:1373",-600,646,"Latest news »"
"27",27,NA,"AFC DWS",430,147,117,166,"588:644",-56,558,"Latest news »"
"28",28,NA,"FC Den Bosch",510,132,133,245,"617:928",-311,529,"Latest news »"
"29",29,NA,"Fortuna '54",392,141,99,152,"635:700",-65,522,"Latest news »"
"30",30,NA,"SC Telstar",468,118,140,210,"530:754",-224,494,"Latest news »"
"31",31,NA,"USV Elinkwijk",234,65,50,119,"306:483",-177,245,"Latest news »"
"32",32,NA,"SC Cambuur",262,59,67,136,"299:488",-189,244,"Latest news »"
"33",33,NA,"FC Amsterdam",204,61,56,87,"263:321",-58,239,"Latest news »"
"34",34,NA,"Blauw Wit",196,65,42,89,"334:401",-67,237,"Latest news »"
"35",35,NA,"Holland Sport",136,37,34,65,"168:279",-111,145,"Latest news »"
"36",36,NA,"FC Dordrecht",204,31,46,127,"208:463",-255,139,"Latest news »"
"37",37,NA,"RBC Roosendaal",170,35,26,109,"164:358",-194,131,"Latest news »"
"38",38,NA,"NOAD Tilburg",136,33,30,73,"187:311",-124,129,"Latest news »"
"39",39,NA,"Sittardia",132,32,29,71,"148:256",-108,125,"Latest news »"
"40",40,NA,"FC Emmen",94,26,22,46,"113:185",-72,100,"Latest news »"
"41",41,NA,"Xerxes DZB",68,26,17,25,"92:95",-3,95,"Latest news »"
"42",42,NA,"FC Eindhoven",102,23,25,54,"107:209",-102,94,"Latest news »"
"43",43,NA,"BVC Amsterdam",68,20,20,28,"103:130",-27,80,"Latest news »"
"44",44,NA,"SC Veendam",68,12,23,33,"74:127",-53,59,"Latest news »"
"45",45,NA,"FC Wageningen",68,13,18,37,"72:137",-65,57,"Latest news »"
"46",46,NA,"De Volewijckers",64,15,10,39,"99:189",-90,55,"Latest news »"
"47",47,NA,"Helmond Sport",68,12,18,38,"93:162",-69,54,"Latest news »"
"48",48,NA,"SVV Schiedam",68,13,13,42,"62:142",-80,52,"Latest news »"
"X.","Team","Team.1","M.","W","D","L","goals","Dif","Pt.","X1"
"1",1,NA,"FCSB",2294,1275,533,486,"4296:2281",2015,4351,"Latest news »"
"2",2,NA,"Dinamo Bucuresti",2271,1203,504,564,"4208:2507",1701,4113,"Latest news »"
"3",3,NA,"Rapid Bucuresti",1748,770,425,553,"2559:2015",544,2735,"Latest news »"
"4",4,NA,"FC Universitatea Craiova",1522,668,332,522,"2247:1762",485,2336,"Latest news »"
"5",5,NA,"Arge<U+0219> Pite<U+0219>ti",1472,596,295,581,"1913:1866",47,2083,"Latest news »"
"6",6,NA,"Petrolul Ploiesti",1451,551,337,563,"1878:1817",61,1984,"Latest news »"
"7",7,NA,"SR Brasov",1429,533,313,583,"1765:1845",-80,1912,"Latest news »"
"8",8,NA,"FC Timisoara",1336,508,321,507,"1782:1839",-57,1845,"Latest news »"
"9",9,NA,"Universitatea Cluj",1474,494,328,652,"1834:2187",-353,1804,"Latest news »"
"10",10,NA,"FCM Bacau",1319,489,262,568,"1538:1809",-271,1729,"Latest news »"
"11",11,NA,"Farul Constanta",1328,487,267,574,"1619:1859",-240,1728,"Latest news »"
"12",12,NA,"UTA Arad",1141,442,268,431,"1659:1587",72,1594,"Latest news »"
"13",13,NA,"CFR Cluj",897,412,246,239,"1221:935",286,1470,"Latest news »"
"14",14,NA,"Sportul Studentesc",1068,403,233,432,"1415:1423",-8,1442,"Latest news »"
"15",15,NA,"Jiul Petrosani",1179,397,246,536,"1378:1802",-424,1437,"Latest news »"
"16",16,NA,"Progresul Bucuresti",945,379,189,377,"1353:1324",29,1326,"Latest news »"
"17",17,NA,"Otelul Galati",894,361,181,352,"1097:1113",-16,1262,"Latest news »"
"18",18,NA,"Gloria Bistrita",724,269,134,321,"903:1001",-98,941,"Latest news »"
"19",19,NA,"Politehnica Iasi",724,246,150,328,"811:991",-180,888,"Latest news »"
"20",20,NA,"ASA Târgu Mure<U+0219> (old)",690,251,109,330,"817:1025",-208,862,"Latest news »"
"21",21,NA,"Astra Giurgiu",579,231,155,193,"774:647",127,845,"Latest news »"
"22",22,NA,"Ceahlaul Piatra Neamt",596,202,134,260,"689:851",-162,740,"Latest news »"
"23",23,NA,"FC Hunedoara",562,210,98,254,"831:881",-50,728,"Latest news »"
"24",24,NA,"FC Bihor Oradea",572,181,118,273,"683:893",-210,661,"Latest news »"
"25",25,NA,"Gaz Metan Medias",548,160,162,226,"591:756",-165,642,"Latest news »"
"26",26,NA,"FC Politehnica Ia<U+0219>i",460,142,111,207,"521:681",-160,537,"Latest news »"
"27",27,NA,"Pandurii Târgu Jiu",412,139,113,160,"458:491",-33,524,"Latest news »"
"28",28,NA,"FC Vaslui",302,136,79,87,"391:304",87,487,"Latest news »"
"29",29,NA,"Olt Scornicesti",373,137,64,172,"424:546",-122,475,"Latest news »"
"30",30,NA,"CS Universitatea Craiova",286,133,69,84,"385:284",101,468,"Latest news »"
"31",31,NA,"FC Viitorul Constan<U+021B>a",327,126,90,111,"440:401",39,468,"Latest news »"
"32",32,NA,"CSM Scolar Resita",413,127,84,202,"531:757",-226,465,"Latest news »"
"33",33,NA,"FC Botosani",333,122,97,114,"399:391",8,463,"Latest news »"
"34",34,NA,"Chimia Râmnicu-Vâlcea",340,121,64,155,"368:533",-165,427,"Latest news »"
"35",35,NA,"CFR Timisoara",273,104,70,99,"406:392",14,382,"Latest news »"
"36",36,NA,"Inter Sibiu",272,110,47,115,"358:376",-18,377,"Latest news »"
"37",37,NA,"FCM Targoviste",298,95,64,139,"312:469",-157,349,"Latest news »"
"38",38,NA,"CA Oradea",268,93,62,113,"404:458",-54,341,"Latest news »"
"39",39,NA,"Concordia Chiajna",296,77,83,136,"301:423",-122,314,"Latest news »"
"40",40,NA,"FC Voluntari",268,78,73,117,"286:364",-78,307,"Latest news »"
"41",41,NA,"CS Târgu Mure<U+0219>",241,85,46,110,"360:418",-58,301,"Latest news »"
"42",42,NA,"FC Baia Mare",230,83,35,112,"267:370",-103,284,"Latest news »"
"43",43,NA,"FC Unirea",170,74,47,49,"199:162",37,269,"Latest news »"
"44",44,NA,"Victoria Bucuresti",169,70,33,66,"242:251",-9,243,"Latest news »"
"45",45,NA,"Gloria Buzau",238,64,45,129,"236:403",-167,237,"Latest news »"
"46",46,NA,"Olimpia Satu Mare",204,67,35,102,"210:323",-113,236,"Latest news »"
"47",47,NA,"Sepsi OSK",186,57,64,65,"210:214",-4,235,"Latest news »"
"48",48,NA,"ASA Târgu Mures",178,55,53,70,"179:213",-34,209,"Latest news »"
"49",49,NA,"Flacara Moreni",136,53,23,60,"180:198",-18,182,"Latest news »"
"50",50,NA,"FC Caracal",136,50,31,55,"145:147",-2,181,"Latest news »"
"51",51,NA,"CS Dinamo Brasov",138,43,41,54,"187:208",-21,170,"Latest news »"
"52",52,NA,"Dacia Unirea Braila",136,46,27,63,"141:190",-49,165,"Latest news »"
"53",53,NA,"Dunarea Galati",170,44,32,94,"174:310",-136,164,"Latest news »"
"54",54,NA,"ACS Poli Timisoara",154,37,47,70,"137:222",-85,144,"Latest news »"
"55",55,NA,"FC Hermannstadt",117,31,36,50,"112:154",-42,129,"Latest news »"
"56",56,NA,"Chindia Târgovi<U+0219>te",107,30,32,45,"90:119",-29,122,"Latest news »"
"57",57,NA,"Academica Clinceni",109,27,31,51,"105:172",-67,112,"Latest news »"
"58",58,NA,"Daco-Getica Bucure<U+0219>ti",92,30,19,43,"128:146",-18,109,"Latest news »"
"59",59,NA,"Minerul Lupeni",101,30,15,56,"106:207",-101,105,"Latest news »"
"60",60,NA,"Foresta Suceava",98,24,27,47,"102:145",-43,99,"Latest news »"
"61",61,NA,"FC Unirea Alba Iulia",94,24,21,49,"93:171",-78,93,"Latest news »"
"62",62,NA,"Ciocanul Bucuresti",56,24,10,22,"100:87",13,82,"Latest news »"
"63",63,NA,"AS Rocar Bucuresti",64,25,6,33,"93:108",-15,81,"Latest news »"
"64",64,NA,"CS Mioveni",98,15,27,56,"65:156",-91,72,"Latest news »"
"65",65,NA,"FC Onesti",68,21,6,41,"93:159",-66,69,"Latest news »"
"66",66,NA,"Unirea Tricolor",52,17,7,28,"85:127",-42,58,"Latest news »"
"67",67,NA,"Câmpulung Moldovenesc",32,15,9,8,"50:31",19,54,"Latest news »"
"68",68,NA,"Siderurgistul Gala<U+021B>i",52,13,10,29,"62:104",-42,49,"Latest news »"
"69",69,NA,"Carmen Bucuresti",26,14,5,7,"90:44",46,47,"Latest news »"
"70",70,NA,"Ferar Cluj",26,13,4,9,"44:29",15,43,"Latest news »"
"71",71,NA,"CSM Câmpia Turzii",48,7,19,22,"46:86",-40,40,"Latest news »"
"72",72,NA,"Sageata Navodari",34,10,8,16,"32:54",-22,38,"Latest news »"
"73",73,NA,"FC Dunarea Calara<U+0219>i",40,7,16,17,"24:43",-19,37,"Latest news »"
"74",74,NA,"International Curtea de Arges",34,10,6,18,"32:49",-17,36,"Latest news »"
"75",75,NA,"CSM Suceava",34,10,5,19,"36:69",-33,35,"Latest news »"
"76",76,NA,"FC Ploie<U+0219>ti",30,10,4,16,"48:86",-38,34,"Latest news »"
"77",77,NA,"Vagonul Arad",30,10,3,17,"40:60",-20,33,"Latest news »"
"78",78,NA,"Dermata Cluj",30,7,11,12,"41:50",-9,32,"Latest news »"
"79",79,NA,"CS Turnu Severin",34,7,11,16,"36:47",-11,32,"Latest news »"
"80",80,NA,"Vointa Sibiu",34,8,8,18,"24:45",-21,32,"Latest news »"
"81",81,NA,"FC Victoria Branesti",34,5,10,19,"35:61",-26,25,"Latest news »"
"82",82,NA,"Partizanul Bucuresti",22,5,8,9,"39:49",-10,23,"Latest news »"
"83",83,NA,"CS Otopeni",34,5,7,22,"32:54",-22,22,"Latest news »"
"84",84,NA,"Viitorul Bucuresti",14,6,3,5,"33:26",7,21,"Latest news »"
"85",85,NA,"<U+0218>oimii Sibiu",22,4,8,10,"28:38",-10,20,"Latest news »"
"86",86,NA,"Faur Bucure<U+0219>ti",26,5,4,17,"50:80",-30,19,"Latest news »"
"87",87,NA,"Extensiv Craiova",34,4,5,25,"26:66",-40,17,"Latest news »"
"88",88,NA,"Prahova Ploiesti",26,5,1,20,"26:97",-71,16,"Latest news »"
"89",89,NA,"UMT Timi<U+0219>oara",30,3,6,21,"24:71",-47,15,"Latest news »"
"90",90,NA,"Corona Brasov",34,2,8,24,"20:69",-49,14,"Latest news »"
"91",91,NA,"Avântul Reghin",24,3,3,18,"19:57",-38,12,"Latest news »"
"92",92,NA,"FC Craiova",26,2,0,24,"23:113",-90,6,"Latest news »"
"X.","Team","Team.1","M.","W","D","L","goals","Dif","Pt.","X1"
"1",1,NA,"Spartak Moskva",911,491,217,203,"1677:1011",666,1690,"Latest news »"
"2",2,NA,"CSKA Moskva",913,477,212,224,"1527:894",633,1643,"Latest news »"
"3",3,NA,"Lokomotiv Moskva",929,456,262,211,"1395:895",500,1630,"Latest news »"
"4",4,NA,"Zenit St. Petersburg",821,421,226,174,"1447:836",611,1489,"Latest news »"
"5",5,NA,"Dinamo Moskva",881,361,253,267,"1274:1044",230,1336,"Latest news »"
"6",6,NA,"FK Rostov",850,255,246,349,"954:1180",-226,1011,"Latest news »"
"7",7,NA,"Krylia Sovetov",824,257,221,346,"901:1126",-225,992,"Latest news »"
"8",8,NA,"Rubin Kazan",573,230,168,175,"751:607",144,858,"Latest news »"
"9",9,NA,"Torpedo Moskva",492,188,142,162,"642:604",38,706,"Latest news »"
"10",10,NA,"Spartak Vladikavkaz",488,179,109,200,"642:666",-24,646,"Latest news »"
"11",11,NA,"Akhmat Grozny",453,151,112,190,"498:622",-124,565,"Latest news »"
"12",12,NA,"Rotor Volgograd (old)",402,151,109,142,"576:517",59,562,"Latest news »"
"13",13,NA,"FK Krasnodar",332,154,88,90,"564:402",162,550,"Latest news »"
"14",14,NA,"FK Amkar Perm",434,123,139,172,"408:547",-139,508,"Latest news »"
"15",15,NA,"FK Ural",417,131,107,179,"493:620",-127,500,"Latest news »"
"16",16,NA,"FK Saturn",360,120,121,119,"396:379",17,481,"Latest news »"
"17",17,NA,"Anzhi Makhachkala",344,97,95,152,"381:490",-109,386,"Latest news »"
"18",18,NA,"FK Moskva",270,92,83,95,"295:311",-16,359,"Latest news »"
"19",19,NA,"Shinnik Yaroslavl",304,85,86,133,"301:419",-118,341,"Latest news »"
"20",20,NA,"Kuban Krasnodar (old)",284,75,96,113,"353:418",-65,321,"Latest news »"
"21",21,NA,"FK Tom Tomsk",284,75,77,132,"278:453",-175,302,"Latest news »"
"22",22,NA,"Chernomorets Novorossisk",248,74,65,109,"274:357",-83,287,"Latest news »"
"23",23,NA,"FK Ufa",229,58,75,96,"197:270",-73,249,"Latest news »"
"24",24,NA,"FC Zhemchuzhina-Sochi",222,61,57,104,"268:390",-122,240,"Latest news »"
"25",25,NA,"Lok. Nizhni Novgorod",230,61,54,115,"220:348",-128,237,"Latest news »"
"26",26,NA,"Arsenal Tula",199,60,41,98,"199:289",-90,221,"Latest news »"
"27",27,NA,"Spartak Nalchik",194,54,57,83,"230:279",-49,219,"Latest news »"
"28",28,NA,"Tekstilshchik Kamyshin",158,53,43,62,"182:189",-7,202,"Latest news »"
"29",29,NA,"FK Kamaz",162,51,32,79,"198:253",-55,179,"Latest news »"
"30",30,NA,"FK Elista",150,36,39,75,"138:225",-87,147,"Latest news »"
"31",31,NA,"Luch Vladivostok",124,34,32,58,"116:187",-71,134,"Latest news »"
"32",32,NA,"FK Khimki",139,32,37,70,"137:224",-87,133,"Latest news »"
"33",33,NA,"Baltika Kaliningrad",98,30,37,31,"114:111",3,127,"Latest news »"
"34",34,NA,"Fakel Voronezh",124,31,29,64,"107:183",-76,122,"Latest news »"
"35",35,NA,"FK Sochi",79,34,18,27,"121:93",28,120,"Latest news »"
"36",36,NA,"Dinamo Stavropol",94,27,23,44,"105:137",-32,104,"Latest news »"
"37",37,NA,"FK Tyumen",154,25,26,103,"124:346",-222,101,"Latest news »"
"38",38,NA,"FK Orenburg",90,26,22,42,"92:122",-30,100,"Latest news »"
"39",39,NA,"Volga Nizhniy Novgorod",104,25,16,63,"111:211",-100,91,"Latest news »"
"40",40,NA,"Mordovia Saransk",90,20,22,48,"82:150",-68,82,"Latest news »"
"41",41,NA,"Okean Nakhodka",64,22,14,28,"78:91",-13,80,"Latest news »"
"42",42,NA,"Presnya Moskva",60,19,11,30,"79:110",-31,68,"Latest news »"
"43",43,NA,"Sokol Saratov",60,17,13,30,"55:87",-32,64,"Latest news »"
"44",44,NA,"Lada Tolyatti",64,10,16,38,"42:105",-63,46,"Latest news »"
"45",45,NA,"FK Tambov",60,12,8,40,"56:106",-50,44,"Latest news »"
"46",46,NA,"FK Tosno",30,6,6,18,"23:54",-31,24,"Latest news »"
"47",47,NA,"FK Nizhny Novgorod",20,6,4,10,"19:31",-12,22,"Latest news »"
"48",48,NA,"Rotor Volgograd",30,5,7,18,"15:52",-37,22,"Latest news »"
"49",49,NA,"Sibir Novosibirsk",30,4,8,18,"34:58",-24,20,"Latest news »"
"50",50,NA,"Enisey Krasnoyarsk",30,4,8,18,"24:55",-31,20,"Latest news »"
"51",51,NA,"SKA-Khabarovsk",30,2,7,21,"16:55",-39,13,"Latest news »"
